location,site,plot,period,coral,gorgonian,algae,sponge,seagrass
Maguey,10,81,baseline,0.00527859237536656,0.00434017595307917,0.03788856304985337,0.02111436950146627,0
Maguey,10,82,baseline,0.00638297872340425,0.00165484633569739,0.02411347517730496,0.01158392434988179,0
Maguey,10,83,baseline,0.00784494693124134,0.01670512228887863,0.13539455468389475,0.01227503461005999,0
Maguey,10,84,baseline,0.00203991130820399,0.00337028824833702,0.1357871396895787,0.02252771618625277,0
Maguey,12,53,baseline,0.00562200956937799,0.01543062200956937,0.15992822966507178,0.01196172248803827,0
Maguey,12,54,baseline,0.00708382526564344,0.02030696576151121,0.2064935064935065,0.03211334120425029,0
Maguey,12,55,baseline,0.00493827160493827,0.01111111111111111,0.15432098765432098,0.01058201058201058,1.763668430335097e-4
Maguey,12,56,baseline,0.00801564027370479,0.0176930596285435,0.24164222873900293,0.08592375366568915,0
Maguey,15,61,baseline,0.01149425287356321,0.03663793103448275,0.6150862068965517,0.00890804597701149,0
Maguey,15,62,baseline,0.00830889540566959,0.01554252199413489,0.3947214076246334,0.1150537634408602,0
Maguey,15,63,baseline,0.01463990554899645,0.05277449822904368,0.35537190082644626,0.03990554899645809,0
Maguey,15,64,baseline,0.01446280991735537,0.03815426997245179,0.12988980716253443,0.0268595041322314,0
Maguey,17,89,baseline,0.00636363636363636,0.02147727272727272,0.1094318181818182,0.05409090909090909,0
Maguey,17,90,baseline,0.0051822573561704,0.01106719367588932,0.21589811155028543,0.034079929732103643,0
Maguey,17,91,baseline,0.00930909090909091,0.00945454545454545,0.06749090909090909,0.05294545454545454,0
Maguey,17,92,baseline,0.00262467191601049,0.00472440944881889,0.08766404199475065,0.02073490813648294,0
Maguey,28,73,baseline,0.01265597147950089,0.06149732620320856,0.4925133689839572,0.00837789661319073,5.347593582887701e-4
Maguey,28,74,baseline,0.00656185919343814,0.01886534518113465,0.4654818865345181,0.08298017771701982,0.00874914559125085
Maguey,28,76,baseline,0.0105145413870246,0.05279642058165548,0.08299776286353468,0.05570469798657718,2.2371364653243848e-4
Maguey,38,57,baseline,0.00241228070175438,0.00197368421052631,0.28399122807017546,0.05307017543859649,0
Maguey,38,58,baseline,0.00816777041942604,0.0075055187637969,0.1664459161147903,0.07240618101545254,0.00132450331125827
Maguey,38,59,baseline,0.00808080808080808,0.01414141414141414,0.30747474747474746,0.03838383838383838,0.00222222222222222
Maguey,38,60,baseline,0.01033868092691622,0.01830065359477124,0.5644682115270351,0.0081996434937611409,0.0023767082590612
Maguey,43,65,baseline,0.0132034632034632,0.02435064935064935,0.4487012987012987,0.00508658008658008,7.575757575757576e-4
Maguey,43,66,baseline,0.00389294403892944,0.02311435523114355,0.2727493917274939,0.04355231143552311,0
Maguey,43,67,baseline,0.00469135802469135,0.02469135802469135,0.31876543209876546,0.0362962962962963,4.938271604938272e-4
Maguey,43,68,baseline,0.00960960960960961,0.02252252252252252,0.3216216216216216,0.02072072072072072,0.0024024024024024
Maguey,45,85,baseline,0.01194805194805194,0.00467532467532467,0.1344155844155844,0.02649350649350649,0
Maguey,45,87,baseline,0.00894187779433681,0.00208643815201192,0.15042225534028814,0.07064083457526081,0
Maguey,45,88,baseline,0.00428849902534113,0.0037037037037037,0.17758284600389865,0.06530214424951267,0
Maguey,48,49,baseline,0.00328407224958949,0.01264367816091954,0.2817733990147783,0.01182266009852216,0
Maguey,48,51,baseline,0.0072463768115942,0.02047101449275362,0.3076086956521739,0.03804347826086957,3.6231884057971015e-4
Maguey,48,52,baseline,0.00416666666666666,0.01434108527131783,0.2756782945736434,0.02180232558139535,0
Maguey,73,77,baseline,0.02648601398601398,0.03828671328671328,0.15541958041958043,0.07438811188811188,0
Maguey,73,78,baseline,0.01527272727272727,0.06012121212121212,0.2046060606060606,0.1027878787878788,0
Maguey,73,79,baseline,0.0088235294117647,0.04558823529411764,0.13218954248366013,0.05294117647058823,0
Maguey,74,93,baseline,0.00374739764052741,0.00111034004163775,0.1566967383761277,0.01151977793199167,0
Maguey,74,94,baseline,0.00897727272727272,0.00431818181818181,0.22875,0.03056818181818181,0
Maguey,74,95,baseline,0.01016713091922005,0.0064066852367688,0.10083565459610028,0.05181058495821727,0
Maguey,74,96,baseline,0.00917759237187127,0.00417163289630512,0.07735399284862932,0.01918951132300357,0
Maguey,8,69,baseline,0.01592039800995024,0.02736318407960199,0.1325870646766169,0.0890547263681592,7.462686567164179e-4
Maguey,8,70,baseline,0.01260053619302949,0.03176943699731904,0.1920911528150134,0.03351206434316354,0
Maguey,8,71,baseline,0.01679197994987468,0.06090225563909774,0.18847117794486215,0.0974937343358396,0
Maguey,8,72,baseline,0.01774632553075666,0.0366902558519325,0.1463255307566685,0.02569406641262928,0
Tampico,1,14,baseline,0.02288961038961039,0.03327922077922077,0.364448051948052,0.00762987012987013,0
Tampico,1,15,baseline,0.01940928270042194,0.02236286919831223,0.0989451476793249,0.06856540084388185,0
Tampico,1,16,baseline,0.02668350168350168,0.05446127946127946,0.14166666666666666,0.1202020202020202,0
Tampico,20,9,baseline,0.0361244019138756,0.07440191387559808,0.3782296650717704,0.00944976076555024,0
Tampico,20,10,baseline,0.04368070953436807,0.08481152993348115,0.3924611973392461,0.01186252771618625,0
Tampico,20,11,baseline,0.0311877903118779,0.02667551426675514,0.46728599867286,0.0079628400796284,0
Tampico,20,12,baseline,0.01434659090909091,0.03565340909090909,0.4644886363636363,0.00852272727272727,0
Tampico,22,33,baseline,0.01546840958605664,0.04074074074074074,0.1803921568627451,0.14248366013071895,0
Tampico,22,34,baseline,0.01017699115044247,0.03657817109144543,0.26194690265486725,0.13657817109144543,1.4749262536873156e-4
Tampico,22,35,baseline,0.02094594594594594,0.03603603603603603,0.34797297297297297,0.12364864864864863,2.2522522522522523e-4
Tampico,22,36,baseline,0.01983122362869198,0.03776371308016878,0.3725738396624473,0.13143459915611813,0.00253164556962025
Tampico,23,45,baseline,0.0126865671641791,0.0099502487562189,0.16517412935323383,0.09900497512437811,0
Tampico,23,46,baseline,0.00558659217877095,0.00111731843575418,0.0845437616387337,0.01564245810055866,0
Tampico,23,47,baseline,0.01573333333333333,0.0048,0.2544,0.0384,0.00106666666666666
Tampico,23,48,baseline,0.00602836879432624,0.00195035460992907,0.09787234042553192,0.01294326241134751,0
Tampico,24,29,baseline,0.04638047138047138,0.11473063973063972,0.27996632996633,0.2272727272727273,0
Tampico,24,30,baseline,0.02555555555555555,0.04888888888888889,0.30083333333333334,0.11638888888888888,0
Tampico,24,31,baseline,0.01404761904761904,0.02333333333333333,0.39880952380952384,0.02476190476190476,0
Tampico,24,32,baseline,0.02043795620437956,0.0389294403892944,0.2902676399026764,0.08832116788321168,0
Tampico,26,41,baseline,0.00940877304513668,0.01207883026064844,0.2581055308328036,0.07565162110616656,0
Tampico,26,42,baseline,0.00873854827343199,0.0135306553911205,0.12938689217758986,0.13403805496828752,0
Tampico,26,43,baseline,0.00765432098765432,0.00543209876543209,0.1708641975308642,0.09703703703703705,0
Tampico,26,44,baseline,0.01236363636363636,0.01265454545454545,0.1077818181818182,0.08654545454545455,0
Tampico,35,1,baseline,0.00732860520094562,0.00118203309692671,0.4390070921985816,0.01229314420803782,0.00118203309692671
Tampico,35,2,baseline,0.00683229813664596,0.00496894409937888,0.4130434782608696,0.03954451345755693,2.0703933747412008e-4
Tampico,35,3,baseline,0.003584229390681,0.0010752688172043,0.3935483870967742,0.02025089605734767,0
Tampico,35,4,baseline,0.01358950328022493,0.00880974695407685,0.42361761949390814,0.00712277413308341,0
Tampico,37,17,baseline,0.00581196581196581,0.01401709401709401,0.24068376068376068,0.12307692307692308,0
Tampico,37,18,baseline,0.01815718157181571,0.03116531165311653,0.3276422764227642,0.08699186991869919,0
Tampico,37,19,baseline,0.01693121693121693,0.06428571428571428,0.37195767195767193,0.11190476190476192,2.6455026455026457e-4
Tampico,37,20,baseline,0.0206140350877193,0.06710526315789474,0.16359649122807018,0.14912280701754385,0
Tampico,39,37,baseline,0.00961538461538461,0.026602564102564102,0.22884615384615384,0.02948717948717948,0
Tampico,39,38,baseline,0.01210191082802547,0.04819532908704883,0.18619957537154988,0.09532908704883228,0
Tampico,39,39,baseline,0.01866666666666666,0.04323809523809523,0.26761904761904765,0.11161904761904762,0
Tampico,39,40,baseline,0.02006831767719897,0.0408198121263877,0.2730999146029035,0.04790777113578138,0
Tampico,4,5,baseline,0.0148663101604278,0.05080213903743316,0.5696256684491978,0.01155080213903743,0
Tampico,4,6,baseline,0.0268018018018018,0.10810810810810811,0.38400900900900903,0.06981981981981981,2.2522522522522523e-4
Tampico,4,7,baseline,0.04197530864197531,0.10148148148148148,0.33901234567901234,0.2251851851851852,0
Tampico,4,8,baseline,0.02362869198312236,0.0770042194092827,0.27552742616033754,0.17552742616033756,0
Tampico,43,21,baseline,0.01441441441441441,0.06171171171171171,0.3891891891891892,0.07792792792792792,0
Tampico,43,22,baseline,0.02984126984126984,0.07555555555555556,0.24857142857142855,0.21174603174603177,0
Tampico,43,24,baseline,0.02061068702290076,0.04274809160305343,0.3246819338422392,0.11068702290076336,0
Tampico,45,25,baseline,0.02035398230088495,0.07418879056047198,0.2383480825958702,0.20530973451327433,1.4749262536873156e-4
Tampico,45,26,baseline,0.01549295774647887,0.091079812206572755,0.4007042253521127,0.19507042253521129,0
Tampico,45,27,baseline,0.02383838383838384,0.05441077441077441,0.6491582491582492,0.00646464646464646,0
Tampico,45,28,baseline,0.01355214399152991,0.05569084171519322,0.6135521439915299,0.01037586024351508,0
Maguey,8,69,dieoff,0.0184652278177458,0.01510791366906474,0.33645083932853714,0.01702637889688249,0.05779376498800959
Maguey,8,70,dieoff,0.01382716049382716,0.01679012345679012,0.2562962962962963,0.00641975308641975,0.01604938271604938
Maguey,8,71,dieoff,0.01452380952380952,0.04261904761904762,0.3902380952380952,0.00761904761904761,0.01071428571428571
Maguey,8,72,dieoff,0.02008032128514056,0.01405622489959839,0.3002008032128514,0.00622489959839357,0.02429718875502008
Maguey,10,81,dieoff,0.00572916666666666,0.00494791666666666,0.18125,0.01848958333333333,0
Maguey,10,82,dieoff,0.0045045045045045,9.009009009009008e-4,0.15795795795795797,0.01321321321321321,0
Maguey,10,83,dieoff,0.00813648293963254,0.01601049868766404,0.215748031496063,0.01837270341207349,0
Maguey,10,84,dieoff,0.00381679389312977,0.00203562340966921,0.3198473282442748,0.01170483460559796,0
Maguey,12,53,dieoff,0.00698198198198198,0.01666666666666666,0.2653153153153153,0.00382882882882882,0
Maguey,12,54,dieoff,0.00467479674796748,0.01158536585365853,0.36646341463414633,0.00345528455284552,8.130081300813008e-4
Maguey,12,55,dieoff,0.00791666666666666,0.013125,0.32125,0.005625,0.04520833333333333
Maguey,12,56,dieoff,0.01232492997198879,0.01316526610644257,0.3826330532212885,0.00392156862745098,8.403361344537816e-4
Maguey,15,61,dieoff,0.02230576441102757,0.02105263157894736,0.37468671679198,0.00451127819548872,0
Maguey,15,62,dieoff,0.01103286384976525,0.01103286384976525,0.4288732394366197,0.0096244131455399,9.389671361502348e-4
Maguey,15,63,dieoff,0.01858407079646017,0.0271386430678466,0.3504424778761062,0.00973451327433628,0
Maguey,15,64,dieoff,0.01521739130434782,0.02198067632850241,0.3963768115942029,0.00821256038647343,2.4154589371980676e-4
Maguey,17,89,dieoff,0.00707762557077625,0.01484018264840182,0.1972602739726027,0.01461187214611872,6.849315068493151e-4
Maguey,17,90,dieoff,0.00583333333333333,0.01694444444444444,0.21,0.00861111111111111,0
Maguey,17,91,dieoff,0.00638297872340425,0.00827423167848699,0.13829787234042554,0.01158392434988179,0
Maguey,17,92,dieoff,0.00578703703703703,0.00879629629629629,0.14421296296296296,0.01574074074074074,0
Maguey,28,73,dieoff,0.01788617886178862,0.04715447154471545,0.2788617886178862,0.00894308943089431,0.01382113821138211
Maguey,28,74,dieoff,0.00826446280991735,0.00798898071625344,0.11019283746556474,0.00661157024793388,0.00358126721763085
Maguey,28,75,dieoff,0.01005747126436781,0.01637931034482758,0.09885057471264368,0.00890804597701149,0
Maguey,28,76,dieoff,0.00933333333333333,0.02506666666666666,0.22533333333333333,0.00853333333333333,0.01626666666666666
Maguey,38,57,dieoff,0.0012531328320802,0.00175438596491228,0.3619047619047619,0.00100250626566416,0.0087719298245614
Maguey,38,58,dieoff,0.00803782505910165,0.00449172576832151,0.4215130023640662,0.00614657210401891,0.00520094562647754
Maguey,38,59,dieoff,0.00938271604938271,0.01753086419753086,0.3790123456790123,0.00320987654320987,0.03012345679012345
Maguey,38,60,dieoff,0.01214689265536723,0.01384180790960452,0.3906779661016949,0.00564971751412429,0.04774011299435028
Maguey,43,65,dieoff,0.01694444444444444,0.03,0.25916666666666666,0.005,0
Maguey,43,66,dieoff,0.00933333333333333,0.01546666666666666,0.2693333333333333,0.00346666666666666,0.00266666666666666
Maguey,43,67,dieoff,0.01076115485564304,0.03280839895013123,0.29133858267716534,0.00629921259842519,0
Maguey,43,68,dieoff,0.01733333333333333,0.01813333333333333,0.33786666666666665,0.00506666666666666,0
Maguey,45,85,dieoff,0.00890585241730279,0.00534351145038167,0.2157760814249364,0.01297709923664122,0
Maguey,45,86,dieoff,0.00287769784172661,0.00599520383693045,0.18105515587529977,0.00959232613908872,0
Maguey,45,87,dieoff,0.00734463276836158,0.00282485875706214,0.16016949152542373,0.01694915254237288,0
Maguey,45,88,dieoff,0.0086021505376344,0.00349462365591397,0.18118279569892473,0.00994623655913978,0
Maguey,48,49,dieoff,0.01428571428571428,0.00776942355889724,0.3799498746867168,0.00350877192982456,2.506265664160401e-4
Maguey,48,50,dieoff,0.01067538126361655,0.01263616557734204,0.3119825708061002,0.00326797385620915,0.00261437908496732
Maguey,48,51,dieoff,0.01043478260869565,0.01797101449275362,0.4153623188405797,0.00492753623188405,0.01101449275362318
Maguey,48,52,dieoff,0.0059322033898305,0.00564971751412429,0.3847457627118644,0.00282485875706214,0.00141242937853107
Maguey,73,77,dieoff,0.02816537467700258,0.03720930232558139,0.16253229974160208,0.05943152454780361,0
Maguey,73,78,dieoff,0.02791164658634538,0.04136546184738956,0.12409638554216867,0.06686746987951807,0
Maguey,73,79,dieoff,0.02286821705426356,0.04961240310077519,0.112015503875969,0.01860465116279069,0
Maguey,73,80,dieoff,0.02611111111111111,0.01111111111111111,0.15722222222222224,0.03111111111111111,0
Maguey,74,93,dieoff,0.00272108843537414,4.5351473922902497e-4,0.16485260770975058,0.01337868480725623,0
Maguey,74,94,dieoff,0.01136363636363636,0.00126262626262626,0.3512626262626263,0.02171717171717171,2.525252525252525e-4
Maguey,74,95,dieoff,0.0099236641221374,0.00229007633587786,0.2460559796437659,0.01603053435114504,2.544529262086514e-4
Maguey,74,96,dieoff,0.01327913279132791,0.0021680216802168,0.13062330623306234,0.01327913279132791,0
Tampico,1,14,dieoff,0.02049382716049382,0.02592592592592592,0.40814814814814815,0.00888888888888888,7.407407407407407e-4
Tampico,1,15,dieoff,0.0213235294117647,0.02009803921568627,0.28431372549019607,0.0071078431372549,0
Tampico,1,16,dieoff,0.00446735395189003,0.00549828178694158,0.35945017182130584,0.00687285223367697,3.436426116838488e-4
Tampico,4,5,dieoff,0.01301369863013698,0.04406392694063927,0.4671232876712329,0.01255707762557077,0.01529680365296803
Tampico,4,6,dieoff,0.03157894736842105,0.10601503759398496,0.4275689223057644,0.00676691729323308,0.00225563909774436
Tampico,4,7,dieoff,0.04580152671755725,0.08778625954198473,0.5015267175572519,0.00458015267175572,2.544529262086514e-4
Tampico,4,8,dieoff,0.0349862258953168,0.10027548209366392,0.4903581267217631,0.00523415977961432,0.00165289256198347
Tampico,20,9,dieoff,0.03151041666666666,0.06953125,0.29791666666666666,0.00755208333333333,0.00104166666666666
Tampico,20,10,dieoff,0.03994910941475827,0.06717557251908397,0.3473282442748092,0.00610687022900763,2.544529262086514e-4
Tampico,20,11,dieoff,0.02323232323232323,0.02247474747474747,0.43787878787878787,0.00757575757575757,2.525252525252525e-4
Tampico,20,12,dieoff,0.01947194719471947,0.03465346534653465,0.466006600660066,0.01056105610561056,0
Tampico,22,33,dieoff,0.02231638418079096,0.04209039548022599,0.353954802259887,0.01271186440677966,0.0327683615819209
Tampico,22,34,dieoff,0.0194647201946472,0.03333333333333333,0.3978102189781022,0.00656934306569343,2.4330900243309004e-4
Tampico,22,35,dieoff,0.025,0.03409090909090909,0.47045454545454546,0.013131313131313129,0.00404040404040404
Tampico,22,36,dieoff,0.025,0.03159722222222222,0.5711805555555556,0.00763888888888888,0.03125
Tampico,23,45,dieoff,0.01779279279279279,0.00765765765765765,0.3173423423423423,0.01463963963963964,2.2522522522522523e-4
Tampico,23,46,dieoff,0.00392156862745098,7.352941176470588e-4,0.10833333333333334,0.00465686274509803,0
Tampico,23,47,dieoff,0.01393442622950819,0.00601092896174863,0.2975409836065574,0.00519125683060109,0.00191256830601092
Tampico,23,48,dieoff,0.0075,0,0.18861111111111112,0.00666666666666666,0.00111111111111111
Tampico,24,29,dieoff,0.04890710382513661,0.09863387978142076,0.35382513661202186,0.01092896174863388,2.73224043715847e-4
Tampico,24,30,dieoff,0.02083333333333333,0.0484375,0.32447916666666665,0.009375,0
Tampico,24,32,dieoff,0.02831858407079646,0.03510324483775811,0.32359882005899704,0.00914454277286135,0.00383480825958702
Tampico,35,1,dieoff,0.01041666666666666,0.00104166666666666,0.41041666666666665,0.00520833333333333,0.00286458333333333
Tampico,35,2,dieoff,0.00839694656488549,0.00279898218829516,0.5063613231552163,0.00483460559796437,0
Tampico,35,3,dieoff,0.01355013550135501,0,0.4644986449864499,0.0046070460704607,8.130081300813008e-4
Tampico,35,4,dieoff,0.01707317073170732,0.002710027100271,0.4392953929539295,0.0070460704607046,8.130081300813008e-4
Tampico,37,17,dieoff,0.00583333333333333,0.01305555555555555,0.3675,0.00444444444444444,0
Tampico,37,18,dieoff,0.02461538461538461,0.03435897435897436,0.44666666666666666,0.00589743589743589,0
Tampico,37,19,dieoff,0.02232142857142857,0.06071428571428571,0.39880952380952384,0.00922619047619047,0
Tampico,37,20,dieoff,0.02178477690288714,0.04225721784776903,0.36010498687664044,0.01181102362204724,7.874015748031496e-4
Tampico,39,37,dieoff,0.00960960960960961,0.02222222222222222,0.43993993993994,0.02972972972972973,0.0012012012012012
Tampico,39,38,dieoff,0.01814058956916099,0.04716553287981859,0.4693877551020408,0.03129251700680272,0.0238095238095238
Tampico,39,39,dieoff,0.01744548286604361,0.02897196261682243,0.4866043613707165,0.01993769470404984,0.04641744548286604
Tampico,39,40,dieoff,0.01459694989106753,0.04553376906318083,0.3673202614379085,0.03159041394335512,4.3572984749455336e-4
Tampico,43,21,dieoff,0.01775956284153005,0.06912568306010929,0.47595628415300545,0.00928961748633879,8.19672131147541e-4
Tampico,43,22,dieoff,0.03725490196078431,0.04957983193277311,0.4792717086834734,0.00924369747899159,5.602240896358543e-4
Tampico,43,23,dieoff,0.05317460317460317,0.07857142857142857,0.4238095238095238,0.01402116402116402,7.936507936507937e-4
Tampico,43,24,dieoff,0.0238095238095238,0.03904761904761904,0.3473015873015873,0.0073015873015873,0.00158730158730158
Tampico,45,25,dieoff,0.02995169082125604,0.08719806763285023,0.3007246376811594,0.01062801932367149,0.00990338164251207
Tampico,45,26,dieoff,0.0221311475409836,0.08825136612021858,0.35027322404371586,0.0040983606557377,8.19672131147541e-4
Tampico,45,27,dieoff,0.01651090342679127,0.03489096573208723,0.397196261682243,0.00716510903426791,0
Tampico,45,28,dieoff,0.01926605504587156,0.05045871559633028,0.35565749235474003,0.00764525993883792,0.00152905198776758
Maguey,8,69,after 6mo,0.02045454545454545,0.02045454545454545,0.31691919191919193,0.01111111111111111,0.08787878787878788
Maguey,8,70,after 6mo,0.00490956072351421,0.0103359173126615,0.2284237726098191,0.00801033591731266,0.03178294573643411
Maguey,8,71,after 6mo,0.01648148148148148,0.03777777777777778,0.3075925925925926,0.0224074074074074,0.04092592592592593
Maguey,8,72,after 6mo,0.02046204620462046,0.01089108910891089,0.1891089108910891,0.03102310231023102,0.04158415841584158
Maguey,10,81,after 6mo,0.00426666666666666,0.00266666666666666,0.08506666666666667,0.01413333333333333,8e-4
Maguey,10,82,after 6mo,0.0024,0.00106666666666666,0.04186666666666667,0.01013333333333333,0
Maguey,10,83,after 6mo,0.00535714285714285,0.0181547619047619,0.07321428571428572,0.02113095238095238,0.00148809523809523
Maguey,10,84,after 6mo,0.00303030303030303,0.00192837465564738,0.05234159779614325,0.01046831955922865,0
Maguey,12,53,after 6mo,0.00314465408805031,0.00691823899371069,0.21635220125786164,0.00670859538784067,0.00796645702306079
Maguey,12,54,after 6mo,0.00530785562632696,0.0118895966029724,0.283864118895966,0.00467091295116772,0.02823779193205945
Maguey,12,55,after 6mo,0.01009389671361502,0.00845070422535211,0.2042253521126761,0.00399061032863849,0.14037558685446008
Maguey,12,56,after 6mo,0.01023391812865497,0.00847953216374269,0.23801169590643276,0.00614035087719298,0.02251461988304093
Maguey,15,61,after 6mo,0.01865671641791044,0.0208955223880597,0.44328358208955226,0.01144278606965174,2.487562189054726e-4
Maguey,15,62,after 6mo,0.01068702290076335,0.00737913486005089,0.48778625954198473,0.00916030534351145,0.00788804071246819
Maguey,15,63,after 6mo,0.0175438596491228,0.0283625730994152,0.4125730994152047,0.01374269005847953,5.847953216374269e-4
Maguey,15,64,after 6mo,0.01228070175438596,0.0213032581453634,0.4338345864661654,0.00952380952380952,0.0012531328320802
Maguey,17,89,after 6mo,0.009375,0.01197916666666666,0.18723958333333332,0.01145833333333333,0
Maguey,17,90,after 6mo,0.00606060606060606,0.00818181818181818,0.1484848484848485,0.01181818181818181,0
Maguey,17,91,after 6mo,0.00529100529100529,0.00502645502645502,0.09312169312169312,0.01402116402116402,0
Maguey,17,92,after 6mo,0.00771349862258953,0.00798898071625344,0.14214876033057852,0.01707988980716253,0
Maguey,28,73,after 6mo,0.01154855643044619,0.03517060367454068,0.3188976377952756,0.00997375328083989,0.04435695538057743
Maguey,28,74,after 6mo,0.00888888888888888,0.00634920634920634,0.2511111111111111,0.01619047619047619,0.03015873015873016
Maguey,28,75,after 6mo,0.00623052959501557,0.01806853582554517,0.2127725856697819,0.01370716510903426,0
Maguey,28,76,after 6mo,0.0102803738317757,0.02616822429906542,0.2177570093457944,0.01993769470404984,0.11931464174454828
Maguey,38,57,after 6mo,0.00159817351598173,0.00182648401826484,0.12694063926940638,0.01095890410958904,0.0182648401826484
Maguey,38,58,after 6mo,0.00599520383693045,0.00167865707434052,0.30191846522781773,0.0052757793764988,0.02158273381294964
Maguey,38,59,after 6mo,0.00883190883190883,0.01339031339031339,0.3056980056980057,0.00826210826210826,0.04871794871794872
Maguey,38,60,after 6mo,0.00495049504950495,0.01188118811881188,0.2273927392739274,0.00627062706270627,0.05907590759075908
Maguey,43,65,after 6mo,0.01706666666666666,0.02106666666666666,0.18666666666666668,0.01306666666666666,0.00426666666666666
Maguey,43,66,after 6mo,0.01046831955922865,0.01046831955922865,0.2159779614325069,0.01322314049586776,0.01763085399449035
Maguey,43,67,after 6mo,0.01091954022988505,0.02528735632183908,0.1873563218390805,0.01867816091954023,0.00804597701149425
Maguey,43,68,after 6mo,0.00948905109489051,0.01605839416058394,0.14476885644768855,0.01411192214111922,0.00170316301703163
Maguey,45,85,after 6mo,0.00348258706467661,0.00323383084577114,0.17786069651741293,0.01293532338308457,2.487562189054726e-4
Maguey,45,86,after 6mo,0.00238095238095238,0.00625,0.2294642857142857,0.0125,0
Maguey,45,87,after 6mo,0.0087719298245614,0.00175438596491228,0.10730994152046784,0.01257309941520467,0
Maguey,45,88,after 6mo,0.00771349862258953,0.00275482093663911,0.13774104683195593,0.01432506887052341,0
Maguey,48,49,after 6mo,0.00887290167865707,0.01175059952038369,0.39616306954436453,9.592326139088728e-4,0.02206235011990407
Maguey,48,50,after 6mo,0.00693333333333333,0.016,0.36373333333333335,0.004,0.07066666666666667
Maguey,48,51,after 6mo,0.01381381381381381,0.02252252252252252,0.31141141141141143,0.003003003003003,0.04534534534534534
Maguey,48,52,after 6mo,0.0074074074074074,0.00582010582010582,0.3568783068783069,0.00158730158730158,0.00608465608465608
Maguey,73,77,after 6mo,0.03263403263403263,0.04079254079254079,0.22913752913752913,0.05827505827505827,0
Maguey,73,78,after 6mo,0.02835497835497835,0.0367965367965368,0.2196969696969697,0.05238095238095238,2.1645021645021645e-4
Maguey,73,79,after 6mo,0.01507936507936508,0.05634920634920635,0.22724867724867728,0.03121693121693121,0
Maguey,74,93,after 6mo,0.00286458333333333,0.00260416666666666,0.20729166666666668,0.01666666666666666,2.6041666666666666e-4
Maguey,74,94,after 6mo,0.01229508196721311,0.00191256830601092,0.14863387978142076,0.01939890710382513,0
Maguey,74,95,after 6mo,0.01207729468599033,0.00458937198067632,0.20942028985507247,0.02077294685990338,0
Maguey,74,96,after 6mo,0.00994623655913978,0.00241935483870967,0.33306451612903226,0.02526881720430107,0
Tampico,1,14,after 6mo,0.01788617886178862,0.02466124661246612,0.36368563685636857,0.01951219512195122,0.0021680216802168
Tampico,1,15,after 6mo,0.02732732732732732,0.02612612612612612,0.23033033033033032,0.02222222222222222,0.0012012012012012
Tampico,1,16,after 6mo,0.00942760942760942,0.00639730639730639,0.21212121212121213,0.00606060606060606,0.00168350168350168
Tampico,4,5,after 6mo,0.01355013550135501,0.03902439024390244,0.34905149051490514,0.01111111111111111,0.03495934959349593
Tampico,4,6,after 6mo,0.0273015873015873,0.12476190476190475,0.3279365079365079,0.00698412698412698,0.00476190476190476
Tampico,4,7,after 6mo,0.04139784946236559,0.09489247311827956,0.4268817204301075,0.01075268817204301,0.00161290322580645
Tampico,4,8,after 6mo,0.02307692307692307,0.07756410256410257,0.36730769230769234,0.0032051282051282,0.0125
Tampico,20,9,after 6mo,0.02949852507374631,0.07787610619469026,0.307669616519174,0.01061946902654867,0.00117994100294985
Tampico,20,10,after 6mo,0.03766937669376694,0.06666666666666667,0.40487804878048783,0.01192411924119241,8.130081300813008e-4
Tampico,20,11,after 6mo,0.02291666666666666,0.02838541666666666,0.4544270833333333,0.00807291666666666,0.00494791666666666
Tampico,20,12,after 6mo,0.01851851851851851,0.04159544159544159,0.452991452991453,0.01054131054131054,0.00284900284900284
Tampico,22,33,after 6mo,0.01578947368421052,0.03274853801169591,0.4190058479532164,0.00789473684210526,0.07485380116959064
Tampico,22,34,after 6mo,0.01969696969696969,0.03121212121212121,0.47484848484848485,0.00515151515151515,0.00424242424242424
Tampico,22,35,after 6mo,0.02666666666666667,0.03396825396825397,0.5441269841269841,0.00825396825396825,0.0146031746031746
Tampico,22,36,after 6mo,0.01782178217821782,0.03333333333333333,0.5528052805280528,0.00495049504950495,0.06402640264026403
Tampico,24,29,after 6mo,0.04774774774774774,0.0987987987987988,0.4285285285285285,0.01021021021021021,0.0024024024024024
Tampico,24,30,after 6mo,0.02037037037037037,0.03950617283950617,0.4796296296296296,0.00709876543209876,0.00123456790123456
Tampico,24,31,after 6mo,0.0132716049382716,0.02407407407407407,0.4462962962962963,0.00679012345679012,6.172839506172839e-4
Tampico,24,32,after 6mo,0.02505747126436781,0.04,0.5059770114942529,0.00551724137931034,0.00919540229885057
Tampico,26,41,after 6mo,0.01047619047619047,0.00507936507936507,0.266984126984127,0.00507936507936507,0.00476190476190476
Tampico,26,42,after 6mo,0.01488095238095238,0.01041666666666666,0.26339285714285715,0.00446428571428571,0.00208333333333333
Tampico,26,43,after 6mo,0.00641025641025641,0.00794871794871794,0.2494871794871795,0.0041025641025641,7.692307692307692e-4
Tampico,26,44,after 6mo,0.00956521739130434,0.01014492753623188,0.2571014492753623,0.00115942028985507,0.00202898550724637
Tampico,35,1,after 6mo,0.00808080808080808,0.00134680134680134,0.37138047138047137,0.00336700336700336,0.00538720538720538
Tampico,35,2,after 6mo,0.00922619047619047,0.00119047619047619,0.42529761904761904,0.00416666666666666,2.9761904761904765e-4
Tampico,35,3,after 6mo,0.0074074074074074,3.703703703703703e-4,0.4662962962962963,0.00296296296296296,7.407407407407407e-4
Tampico,35,4,after 6mo,0.01452145214521452,0.00165016501650165,0.431023102310231,0.00627062706270627,6.600660066006601e-4
Tampico,37,17,after 6mo,0.00833333333333333,0.01766666666666666,0.2803333333333333,0.008,0.00133333333333333
Tampico,37,18,after 6mo,0.02124183006535947,0.02875816993464052,0.3591503267973856,0.01078431372549019,0.00490196078431372
Tampico,37,19,after 6mo,0.02011494252873563,0.07586206896551724,0.3408045977011494,0.01264367816091954,5.747126436781609e-4
Tampico,37,20,after 6mo,0.02200854700854701,0.04572649572649572,0.2566239316239316,0.00918803418803418,0.00149572649572649
Tampico,39,37,after 6mo,0.0073394495412844,0.02446483180428134,0.4577981651376147,0.01162079510703363,0.00428134556574923
Tampico,39,38,after 6mo,0.0131578947368421,0.05584795321637427,0.3929824561403509,0.01432748538011696,0.03508771929824561
Tampico,39,39,after 6mo,0.01278195488721804,0.02431077694235589,0.4581453634085213,0.0112781954887218,0.1305764411027569
Tampico,39,40,after 6mo,0.01486199575371549,0.0475583864118896,0.4592356687898089,0.01252653927813163,0.00360934182590233
Tampico,43,21,after 6mo,0.02109375,0.06510416666666667,0.5427083333333333,0.01015625,7.8125e-4
Tampico,43,22,after 6mo,0.03024054982817869,0.04914089347079038,0.5092783505154639,0.01134020618556701,0.00171821305841924
Tampico,43,24,after 6mo,0.02035623409669211,0.02798982188295165,0.5577608142493639,0.0094147582697201,0
Tampico,45,25,after 6mo,0.02158730158730159,0.08888888888888889,0.3358730158730159,0.00984126984126984,0.0326984126984127
Tampico,45,26,after 6mo,0.01696969696969697,0.0993939393939394,0.46060606060606063,0.01,3.0303030303030303e-4
Tampico,45,27,after 6mo,0.01833333333333333,0.03972222222222222,0.4613888888888889,0.01333333333333333,5.555555555555556e-4
Tampico,45,28,after 6mo,0.01707317073170732,0.04796747967479675,0.4170731707317073,0.01598915989159891,0.00921409214092141
Maguey,8,69,after 12mo,0.02307692307692307,0.01452991452991453,0.10448717948717948,0.00833333333333333,0.2141025641025641
Maguey,8,70,after 12mo,0.01733333333333333,0.00586666666666666,0.2472,0.04746666666666666,0.0544
Maguey,8,71,after 12mo,0.01338199513381995,0.02554744525547445,0.40559610705596105,0.02360097323600973,0.04257907542579075
Maguey,8,72,after 12mo,0.01958333333333333,0.01166666666666666,0.29791666666666666,0.01479166666666666,0.08645833333333333
Maguey,10,81,after 12mo,0.00421686746987951,0.00341365461847389,0.1076305220883534,0.01044176706827309,0.00261044176706827
Maguey,10,82,after 12mo,0.00912698412698412,7.936507936507937e-4,0.03392857142857142,0.00912698412698412,0
Maguey,10,83,after 12mo,0.00572916666666666,0.01666666666666666,0.11536458333333334,0.01432291666666666,0.00234375
Maguey,10,84,after 12mo,0.00504065040650406,0.00422764227642276,0.24113821138211383,0.00682926829268292,0
Maguey,12,53,after 12mo,0.01183574879227053,0.00652173913043478,0.34444444444444444,0.0038647342995169,0.1106280193236715
Maguey,12,54,after 12mo,0.00961968680089485,0.00939597315436241,0.32416107382550335,0.00380313199105145,0.00961968680089485
Maguey,12,55,after 12mo,0.00688888888888888,0.00866666666666666,0.3317777777777778,0.00622222222222222,0.03444444444444444
Maguey,12,56,after 12mo,0.01418803418803418,0.01076923076923076,0.2770940170940171,0.00581196581196581,0.02205128205128205
Maguey,15,61,after 12mo,0.01854166666666666,0.019375,0.4691666666666667,0.01520833333333333,2.0833333333333335e-4
Maguey,15,62,after 12mo,0.01263440860215053,0.00618279569892473,0.4567204301075269,0.02123655913978494,0.02553763440860215
Maguey,15,63,after 12mo,0.01906432748538011,0.02245614035087719,0.48923976608187136,0.01309941520467836,0.00105263157894736
Maguey,15,64,after 12mo,0.01388888888888888,0.00916666666666666,0.37416666666666665,0.01333333333333333,2.777777777777778e-4
Maguey,17,89,after 12mo,0.00958333333333333,0.01770833333333333,0.21166666666666667,0.00416666666666666,0
Maguey,17,90,after 12mo,0.0087087087087087,0.01201201201201201,0.18408408408408408,0.01651651651651651,0
Maguey,17,91,after 12mo,0.00464135021097046,0.00527426160337552,0.2738396624472574,0.02194092827004219,2.109704641350211e-4
Maguey,17,92,after 12mo,0.0073170731707317,0.0035230352303523,0.1859078590785908,0.02710027100271003,0
Maguey,28,73,after 12mo,0.0145985401459854,0.02116788321167883,0.2586374695863747,0.01581508515815085,0.09343065693430656
Maguey,28,74,after 12mo,0.00567375886524822,0.00709219858156028,0.20118203309692673,0.00709219858156028,0.06926713947990544
Maguey,28,75,after 12mo,0.00661764705882352,0.01004901960784313,0.15759803921568627,0.02205882352941176,0.01789215686274509
Maguey,28,76,after 12mo,0.01305555555555555,0.02138888888888888,0.25083333333333335,0.01305555555555555,0.25277777777777777
Maguey,38,57,after 12mo,0.00233100233100233,0.00139860139860139,0.1939393939393939,0.00606060606060606,0.05314685314685315
Maguey,38,58,after 12mo,0.00666666666666666,0.00183908045977011,0.2618390804597701,0.0096551724137931,0.02574712643678161
Maguey,38,59,after 12mo,0.01177944862155388,0.00526315789473684,0.25764411027568923,0.01152882205513784,0.06641604010025062
Maguey,38,60,after 12mo,0.01119047619047619,0.00928571428571428,0.17404761904761903,0.01142857142857142,0.07976190476190476
Maguey,43,65,after 12mo,0.01848484848484848,0.01636363636363636,0.12393939393939392,0.00969696969696969,6.060606060606061e-4
Maguey,43,66,after 12mo,0.01470588235294117,0.00980392156862745,0.22181372549019607,0.00674019607843137,0.01139705882352941
Maguey,43,67,after 12mo,0.00716049382716049,0.01925925925925926,0.16814814814814816,0.01037037037037037,0.00296296296296296
Maguey,43,68,after 12mo,0.01588235294117647,0.02058823529411764,0.15019607843137256,0.01156862745098039,5.88235294117647e-4
Maguey,45,85,after 12mo,0.00484330484330484,0.00427350427350427,0.15612535612535614,0.0339031339031339,0
Maguey,45,86,after 12mo,0.0032,0.00426666666666666,0.1728,0.05786666666666666,0
Maguey,45,87,after 12mo,0.00662251655629139,0.00242825607064017,0.2099337748344371,0.02781456953642384,0
Maguey,45,88,after 12mo,0.00915492957746478,0.00305164319248826,0.3359154929577465,0.01854460093896713,0
Maguey,48,49,after 12mo,0.01491841491841491,0.00769230769230769,0.4755244755244755,0.00372960372960372,0.01515151515151515
Maguey,48,50,after 12mo,0.00657596371882086,0.00294784580498866,0.25578231292517006,0.00181405895691609,0.0238095238095238
Maguey,48,51,after 12mo,0.00988700564971751,0.01271186440677966,0.3319209039548023,0.0059322033898305,0.07005649717514124
Maguey,48,52,after 12mo,0.00778588807785888,0.00267639902676399,0.4873479318734793,0.00510948905109489,0.01046228710462287
Maguey,73,77,after 12mo,0.03051643192488263,0.02582159624413145,0.17863849765258216,0.1415492957746479,0
Maguey,73,78,after 12mo,0.02484076433121019,0.03842887473460722,0.19532908704883228,0.05711252653927813,0
Maguey,73,79,after 12mo,0.01465201465201465,0.03736263736263736,0.1294871794871795,0.08021978021978023,7.326007326007326e-4
Maguey,73,80,after 12mo,0.02293577981651376,0.00611620795107033,0.12599388379204893,0.06360856269113149,0
Maguey,74,93,after 12mo,0.00180878552971576,0.00232558139534883,0.16666666666666666,0.02273901808785529,0
Maguey,74,94,after 12mo,0.01010928961748633,0.00300546448087431,0.1174863387978142,0.06693989071038252,0
Maguey,74,95,after 12mo,0.0094298245614035,0.00372807017543859,0.20942982456140352,0.01381578947368421,0
Maguey,74,96,after 12mo,0.01066666666666666,0.00266666666666666,0.18444444444444444,0.02177777777777777,0
Tampico,1,14,after 12mo,0.01678321678321678,0.02214452214452214,0.29976689976689974,0.00839160839160839,0
Tampico,1,15,after 12mo,0.02743055555555555,0.01319444444444444,0.21631944444444445,0.00833333333333333,0
Tampico,1,16,after 12mo,0.00967741935483871,0.00268817204301075,0.25053763440860216,0.00887096774193548,0
Tampico,4,5,after 12mo,0.01470588235294117,0.025,0.3514705882352941,0.01740196078431372,0.03137254901960784
Tampico,4,6,after 12mo,0.04375,0.08697916666666666,0.3841145833333333,0.00989583333333333,0.00963541666666666
Tampico,4,7,after 12mo,0.04391025641025641,0.07051282051282051,0.5442307692307692,0.00961538461538461,0.00256410256410256
Tampico,4,8,after 12mo,0.02809917355371901,0.05840220385674931,0.43415977961432506,0.01790633608815427,2.754820936639118e-4
Tampico,20,9,after 12mo,0.02857142857142857,0.05602240896358543,0.23473389355742297,0.0350140056022409,0
Tampico,20,10,after 12mo,0.04938271604938271,0.03621399176954732,0.3537037037037037,0.01934156378600823,2.05761316872428e-4
Tampico,20,11,after 12mo,0.02630385487528344,0.01473922902494331,0.4845804988662131,0.01065759637188208,4.5351473922902497e-4
Tampico,20,12,after 12mo,0.01964285714285714,0.02410714285714285,0.43839285714285714,0.0380952380952381,0
Tampico,22,33,after 12mo,0.02351598173515981,0.02191780821917808,0.35684931506849316,0.01050228310502283,0.03721461187214612
Tampico,22,34,after 12mo,0.0211031175059952,0.02805755395683453,0.32829736211031174,0.01031175059952038,0
Tampico,22,35,after 12mo,0.0268018018018018,0.03355855855855855,0.34864864864864864,0.01509009009009009,0.00495495495495495
Tampico,22,36,after 12mo,0.02956521739130434,0.0391304347826087,0.4124637681159421,0.0144927536231884,0.05391304347826087
Tampico,23,45,after 12mo,0.01613756613756613,0.00264550264550264,0.27645502645502645,0.01957671957671957,2.6455026455026457e-4
Tampico,23,46,after 12mo,0.00396270396270396,0.00116550116550116,0.06037296037296037,0.01118881118881118,0
Tampico,23,47,after 12mo,0.01448087431693989,0.00327868852459016,0.2836065573770492,0.03169398907103825,2.73224043715847e-4
Tampico,23,48,after 12mo,0.00911270983213429,4.7961630695443646e-4,0.16402877697841728,0.02470023980815347,2.3980815347721823e-4
Tampico,24,29,after 12mo,0.04715447154471545,0.06151761517615176,0.4186991869918699,0.05691056910569105,0.0029810298102981
Tampico,24,30,after 12mo,0.02395061728395061,0.03802469135802469,0.33728395061728395,0.01629629629629629,4.938271604938272e-4
Tampico,24,31,after 12mo,0.01928374655647383,0.01570247933884297,0.3325068870523416,0.00495867768595041,0
Tampico,24,32,after 12mo,0.0264,0.01946666666666666,0.3490666666666667,0.02293333333333333,2.666666666666667e-4
Tampico,26,41,after 12mo,0.01102150537634408,0.00698924731182795,0.3389784946236559,0.00268817204301075,0
Tampico,26,42,after 12mo,0.01416666666666666,0.00527777777777777,0.19333333333333333,0.00833333333333333,5.555555555555556e-4
Tampico,26,43,after 12mo,0.01358024691358024,0.00320987654320987,0.14271604938271604,0.00345679012345679,0
Tampico,26,44,after 12mo,0.00864197530864197,0.0074074074074074,0.2351851851851852,0.02006172839506172,3.0864197530864197e-4
Tampico,35,1,after 12mo,0.008,2.666666666666667e-4,0.4456,0.00826666666666666,0.00106666666666666
Tampico,35,2,after 12mo,0.01215932914046121,0.0010482180293501,0.41635220125786165,0.03584905660377358,0
Tampico,35,3,after 12mo,0.01147540983606557,5.46448087431694e-4,0.36721311475409835,0.01393442622950819,2.73224043715847e-4
Tampico,35,4,after 12mo,0.01753086419753086,4.938271604938272e-4,0.4150617283950617,0.03259259259259259,2.469135802469136e-4
Tampico,37,17,after 12mo,0.01447811447811447,0.00808080808080808,0.28383838383838383,0.08114478114478114,0
Tampico,37,18,after 12mo,0.02597402597402597,0.01168831168831168,0.3980519480519481,0.06147186147186147,0.00129870129870129
Tampico,37,19,after 12mo,0.01939890710382513,0.05163934426229508,0.41010928961748633,0.02896174863387978,2.73224043715847e-4
Tampico,37,20,after 12mo,0.02137931034482758,0.03034482758620689,0.3291954022988506,0.06896551724137931,0.00137931034482758
Tampico,39,37,after 12mo,0.010062893081761,0.02327044025157232,0.2770440251572327,0.00691823899371069,0
Tampico,39,38,after 12mo,0.01487179487179487,0.02769230769230769,0.48102564102564105,0.01102564102564102,0.03564102564102564
Tampico,39,39,after 12mo,0.01309523809523809,0.02809523809523809,0.4119047619047619,0.00928571428571428,0.12166666666666669
Tampico,39,40,after 12mo,0.01790123456790123,0.04300411522633745,0.3917695473251029,0.00658436213991769,0
Tampico,43,21,after 12mo,0.02160919540229885,0.04183908045977011,0.395632183908046,0.01011494252873563,6.89655172413793e-4
Tampico,43,22,after 12mo,0.03563218390804597,0.02126436781609195,0.4307471264367816,0.00747126436781609,0.0028735632183908
Tampico,43,23,after 12mo,0.0425,0.04694444444444444,0.4936111111111111,0.03027777777777778,5.555555555555556e-4
Tampico,43,24,after 12mo,0.02183908045977011,0.02155172413793103,0.3373563218390805,0.01867816091954023,0
Tampico,45,25,after 12mo,0.03009708737864077,0.05760517799352751,0.2614886731391586,0.01488673139158576,9.70873786407767e-4
Tampico,45,26,after 12mo,0.02714776632302405,0.06288659793814433,0.49690721649484537,0.05601374570446735,0
Tampico,45,27,after 12mo,0.02140672782874617,0.02232415902140672,0.4116207951070336,0.01865443425076452,0
Tampico,45,28,after 12mo,0.0154649947753396,0.03845350052246604,0.36603970741901776,0.0115987460815047,0.00177638453500522
